{
 "t": 1783986310.1658592,
 "readings": {
  "TS": 100,
  "UM": 5,
  "MF": 0,
  "SR": 0,
  "GS[0]": 0,
  "GS[1]": 0,
  "GS[2]": 0,
  "KP[1]": 0.07177,
  "KP[2]": 7.896e-05,
  "KP[3]": 85.2,
  "KI[1]": 812.939,
  "KI[2]": 10.7,
  "CA[7]": 438.0,
  "CA[17]": 5,
  "CA[18]": 65536.0,
  "CA[19]": 21,
  "CA[41]": 30,
  "CA[42]": 0,
  "CA[43]": 0,
  "CA[44]": 0,
  "CL[1]": 21.2132,
  "PL[1]": 70.7107,
  "MC": 140,
  "VH[2]": 3930000.0,
  "VH[3]": 0,
  "VL[3]": 0,
  "ER[2]": 100000000.0,
  "ER[3]": 1000000000.0,
  "HL[2]": 0,
  "HL[3]": 0,
  "LL[2]": 0,
  "LL[3]": 0,
  "AC": 1000000.0,
  "DC": 1000000.0,
  "SD": 1000000.0,
  "SP": 200000.0,
  "FF[1]": 1.726e-07,
  "FF[2]": 1,
  "VX": 0.0,
  "PX": 0.0,
  "BV": 48.4,
  "WS[28]": 100,
  "WS[55]": 100
 }
}