{
 "status": "RED",
 "reason": "커뮤 변경감지: CA[7]=272 (기대 438.0)",
 "kp_vel": null,
 "ki_vel_hz": null,
 "kp_pos": null,
 "ff1_advisory": null,
 "k_a": null,
 "b_visc": null,
 "i_c": null,
 "d_inv_s": null,
 "wcv_rad_s": null,
 "pm_vel_deg": null,
 "gm_db": null,
 "pm_pos_deg": null,
 "ts_us": 100,
 "evidence": {
  "readings": {
   "TS": 100,
   "UM": 5,
   "MF": 0,
   "SR": 8569088,
   "GS[0]": 0,
   "GS[1]": 100,
   "GS[2]": 0,
   "KP[1]": 0.08548,
   "KP[2]": 0.000156,
   "KP[3]": 180.0,
   "KI[1]": 785.11853,
   "KI[2]": 21.8,
   "CA[7]": 272,
   "CA[17]": 5,
   "CA[18]": 65536,
   "CA[19]": 16,
   "CA[41]": 30,
   "CA[42]": 0,
   "CA[43]": 0,
   "CA[44]": 0,
   "CL[1]": 21.2132,
   "PL[1]": 70.7107,
   "MC": 140.0,
   "VH[2]": 3932160,
   "VH[3]": 0,
   "VL[3]": 0,
   "ER[2]": 100000000,
   "ER[3]": 1000000000,
   "HL[2]": 0,
   "HL[3]": 0,
   "LL[2]": 0,
   "LL[3]": 0,
   "AC": 1000000,
   "DC": 1000000,
   "SD": 1000000,
   "SP": 4444444,
   "FF[1]": 1.861308e-07,
   "FF[2]": 1.0,
   "VX": 0,
   "PX": -4,
   "BV": 100,
   "WS[28]": 100,
   "WS[55]": 100
  }
 },
 "warnings": []
}