{
 "t": 1784102569.0802276,
 "readings": {
  "TS": 100,
  "UM": 5,
  "MF": 0,
  "SR": 180992,
  "GS[0]": 0,
  "GS[1]": 100,
  "GS[2]": 0,
  "KP[1]": 0.08571,
  "KP[2]": 0.000155,
  "KP[3]": 181.0,
  "KI[1]": 782.5188,
  "KI[2]": 22.1,
  "CA[7]": 504,
  "CA[17]": 5,
  "CA[18]": 65536,
  "CA[19]": 16,
  "CA[41]": 30,
  "CA[42]": 0,
  "CA[43]": 0,
  "CA[44]": 0,
  "CL[1]": 21.2132,
  "PL[1]": 70.7107,
  "MC": 140.0,
  "VH[2]": 3932160,
  "VH[3]": 0,
  "VL[3]": 0,
  "ER[2]": 100000000,
  "ER[3]": 1000000000,
  "HL[2]": 0,
  "HL[3]": 0,
  "LL[2]": 0,
  "LL[3]": 0,
  "AC": 1000000,
  "DC": 1000000,
  "SD": 1000000,
  "SP": 4444444,
  "FF[1]": 1.837237e-07,
  "FF[2]": 1.0,
  "VX": 0,
  "PX": 2883985,
  "BV": 100,
  "WS[28]": 100,
  "WS[55]": 100,
  "CA[25]": 1,
  "CA[54]": 0,
  "CA[55]": 0,
  "CA[56]": 0,
  "CA[57]": 0,
  "CA[16]": 0
 }
}