{
 "t": 1783874121.989653,
 "readings": {
  "TS": 100,
  "MC": 140.0,
  "PL[1]": 70.7107,
  "CL[1]": 21.2132,
  "CL[2]": 0,
  "CL[3]": 0,
  "CL[4]": 3000.0,
  "UM": 5,
  "KP[1]": 0.07177,
  "KI[1]": 812.93896,
  "SE[1]": 1.0,
  "SE[2]": 0,
  "SE[3]": 0,
  "SE[4]": 0,
  "SE[5]": 0,
  "SE[6]": 0,
  "SE[7]": 0,
  "CA[17]": 5,
  "CA[18]": 65536,
  "CA[19]": 16,
  "CA[41]": 30,
  "CA[42]": 0,
  "CA[43]": 0,
  "CA[44]": 0,
  "CA[45]": 1,
  "CA[46]": 1,
  "CA[47]": 1,
  "CA[70]": 0,
  "SC[8]": 0,
  "SR": 180480,
  "MF": 0,
  "BV": 100,
  "XP[2]": 2
 }
}