{
 "status": "YELLOW",
 "reason": "게이트 G5_loopgain 실패 — YELLOW ({'rows': [{'f_hz': 200.0, 'rho_meas': 3.6861989752369326, 'rho_pred': 1.919189581273985, 'dev': 0.9207060163331973}, {'f_hz': 400.0, 'rho_meas': 1.7183553898091575, 'rho_pred': 0.935584249615613, 'dev': 0.8366655814429838}, {'f_hz': 600.0, 'rho_meas': 1.0740213898176032, 'rho_pred': 0.6089734576939423, 'dev': 0.7636587871739142}, {'f_hz': 800.0, 'rho_meas': 0.7710694347955337, 'rho_pred': 0.4487087768320338, 'dev': 0.718418436651552}], 'tol': 0.15, 'crossover_hz': 638.3723445770619, 'note': \"in-situ 비=개루프 루프게인 |C·G| 실측(run #8) — 채널조합·회전보정·게인읽기·주입노드는 검증하나 s 자체는 검증 안 함(s는 양경로 상쇄); s 담당은 G0+G1'\"})",
 "kp_v_per_a": 0.08299325882826865,
 "ki_hz": 812.8695478969773,
 "r_phase_ohm": 0.0750932205814384,
 "r_pp_ohm": 0.1501864411628768,
 "l_phase_h": 2.0645089260763345e-05,
 "l_pp_h": 4.129017852152669e-05,
 "wc_rad_s": 2010.0000000000002,
 "pm_deg": 59.286873554083286,
 "ts_us": 100,
 "evidence": {
  "readings": {
   "TS": 100,
   "MC": 140.0,
   "PL[1]": 70.7107,
   "CL[1]": 21.2132,
   "CL[2]": 0,
   "CL[3]": 0,
   "CL[4]": 3000.0,
   "UM": 5,
   "KP[1]": 0.07177,
   "KI[1]": 812.93896,
   "SE[1]": 1.0,
   "SE[2]": 0,
   "SE[3]": 0,
   "SE[4]": 0,
   "SE[5]": 0,
   "SE[6]": 0,
   "SE[7]": 0,
   "CA[17]": 5,
   "CA[18]": 65536,
   "CA[19]": 16,
   "CA[41]": 30,
   "CA[42]": 0,
   "CA[43]": 0,
   "CA[44]": 0,
   "CA[45]": 1,
   "CA[46]": 1,
   "CA[47]": 1,
   "CA[70]": 0,
   "SC[8]": 0,
   "SR": 8569088,
   "MF": 0,
   "BV": 100,
   "XP[2]": 2,
   "WS[53]": 0.02578,
   "WS[54]": 7200,
   "WS[56]": 150,
   "WS[57]": 7050
  },
  "freqs": {
   "mode": "derived",
   "f_max_hz": 1250.0,
   "freqs_hz": [
    200.0,
    400.0,
    600.0,
    800.0
   ]
  },
  "recorder_signals": [
   "Velocity",
   "Position",
   "Position Command",
   "Digital Input",
   "Position Error",
   "Current Command [A]",
   "DC Bus Voltage",
   "Velocity Command",
   "Field Angle",
   "Active Current [A]",
   "Reactive Current [A]",
   "Analog Input 1",
   "Analog Input 2",
   "Current - Phase A",
   "Current - Phase B",
   "Current - Phase C",
   "Identification Experiment",
   "Commutation Sensor",
   "A Voltage",
   "B Voltage",
   "C Voltage",
   "Filtered Trq Cmd",
   "I_QIntL",
   "Exception",
   "Q Controller Out",
   "D Controller Out",
   "Hall Sensor",
   "EQep2 Free timer",
   "SYNC0 latch time",
   "Timer1 Global time",
   "Unused",
   "Unused",
   "MatlabTestLong",
   "MatlabTestShort",
   "MatlabTestFloat",
   "MatlabTestDouble",
   "ADC IA",
   "ADC IB",
   "ADC IC",
   "ADC ID",
   "ADC ENC 2 or EAG:ADC IN0",
   "ADC VBUS  or EAG:ADC IN1",
   "ADC ENC 0",
   "ADC ENC 1",
   "ADC INPUT 0 or EAG:ADC Enc2",
   "ADC INPUT 1 or EAG:ADC VBUS",
   "ADC ENC 0_2",
   "ADC ENC 1_2",
   "ADC REF",
   "ADC TMP",
   "ADC GND",
   "ADC 5V",
   "Filtered Vbus",
   "Profiler process absolute time",
   "Unused",
   "Profiler Acceleration Out",
   "Control process absolute time",
   "RtInterpRho",
   "PiSpeedCmd",
   "VelAdvFilterOutput",
   "VelAdvFilterInput",
   "SpeedError",
   "SpeedPiOut",
   "SpeedIntegral",
   "fDebug1",
   "fDebug2",
   "fDebug3",
   "fDebug4",
   "fDebug5",
   "Socket 1 Position",
   "Socket 2 Position",
   "Socket 3 Position",
   "Socket 4 Position",
   "Socket 1 Velocity",
   "Socket 2 Velocity",
   "Socket 3 Velocity",
   "Socket 4 Velocity",
   "Unused",
   "SinCos Atan2",
   "Program Var1",
   "Program Var2",
   "Program Var3",
   "Program Var4",
   "Program Var5",
   "Program Var6",
   "Program Var7",
   "Program Var8",
   "Closed Loop Current Identificatio",
   "Sin Encoder",
   "Cos Encoder",
   "Speed Ident Flag",
   "GS Index",
   "Acceleration Command",
   "Absolute Serial Position",
   "Debug03",
   "Debug04",
   "Debug05",
   "Debug06",
   "Debug07",
   "Debug08",
   "Debug09",
   "Target Position 0x607A",
   "Target Velocity 0x60FF",
   "Target Torque 0x6071",
   "Speed Error [cnt/sec]",
   "Sine Cycles Counter",
   "Socket 1 Current",
   "Socket 2 Current",
   "Socket 3 Current",
   "Socket 4 Current",
   "Total Current Command [A]",
   "Total Velocity Command",
   "Total Position Command",
   "Ds402WaitMo0",
   "Ds402WaitMo1",
   "Ds402WaitTransition",
   "Ds402FsaState",
   "Actual Position 0x6064",
   "Position Demand 0x6062",
   "Control Word 0x6040",
   "Status Word 0x6041",
   "MO Proc",
   "Profiler Speed Out Internal",
   "Smoothed Profiler Speed Out",
   "Profiler Torque Out",
   "Smoothed Profiler Acceleration Ou",
   "Profiler Position Out internal",
   "Smoothed Position Out Internal",
   "Stop Manager Speed Out",
   "Stop Manager Position Out",
   "Socket 1 HwPosition",
   "Socket 2 HwPosition",
   "Socket 3 HwPosition",
   "Socket 4 HwPosition",
   "Unused",
   "Profile Torque RT",
   "Motion Status Main",
   "Idle Loop time",
   "Control Loop",
   "GS Index by Speed",
   "GS Index by Position",
   "GS Index by CRS",
   "Position RT Reference Command",
   "Velocity RT Reference Command",
   "Cyclic Ref Is Active",
   "Absolute Gurley Cycles Count",
   "Gurley Position Valid",
   "Profile Position Queue Head",
   "Profile Position Queue Tail",
   "Switch\\Halt\\QS\\Fault Active Flags",
   "TimeOfSync",
   "Digital Output OP value (SCORE)",
   "Digital Output 0x60FE (GCON)",
   "Tamagawa FS",
   "Resolver Signal Offset",
   "Resolver ADC ENC 0 Sync",
   "Resolver ADC ENC 1 Sync",
   "Resolver top reading flag",
   "OC1 pulses generated (OC[12])",
   "OC2 pulses generated (OC[32])",
   "Gantry Differential Position",
   "Gantry Velocity before filter",
   "Gantry Velocity after filter",
   "Next Gantry Current",
   "Gantry Current",
   "Velocity Offset 0x60B1",
   "Additional Speed [cnt/sec]",
   "Additional Position 0x20A0",
   "Additional Position [cnt]",
   "Current - Phase D",
   "D Voltage",
   "Drive Temperature [C]",
   "SR - Status Register",
   "Torque Offset 0x60B2",
   "Gantry Sync and CRC Error",
   "PvtUsecCounter",
   "Profiler Position Out UU",
   "Speed Out Internal",
   "Interpolation Active",
   "Mode Of Operation Display 0x6061",
   "Actual Velocity 0x606C",
   "5V Digital Supply",
   "Phasing Profiler Position Out",
   "Phasing Profiler Speed Out",
   "Phasing Profiler Acceleration Out",
   "Superimposed Profiler Pos Out",
   "Superimposed Profiler Speed Out",
   "Superimposed Profiler Acc Out",
   "ECAM Position In",
   "ECAM Position Out",
   "ECAM Slave Segment Index",
   "ECAM Speed Out",
   "ECAM Acceleration Out",
   "SinCos amplitude",
   "Brake output Active",
   "IP extrapolation",
   "First Record Loaded",
   "Interpolated Data 0x60C1.1",
   "Interpolated Data 0x60C1.2",
   "Hw Limits Flag",
   "CAN IP mode SyncMboxTime",
   "Interpolation Buf[0]",
   "Reference mode (RM)",
   "Cogging Current [A]",
   "ADC STO1",
   "ADC STO2",
   "Fast Reference 0x2005",
   "None-DC Counter",
   "None-DC Correction",
   "SysTiming Flags",
   "Actual Torque 0x6077",
   "Cyclic Extrapolation",
   "Filtered RMS current",
   "Extended in 0x2202",
   "CCD indication",
   "PVT New Target",
   "Temperature Threshold High",
   "Motion Status Superimposed",
   "Motion Status Simple Socket",
   "Motion Status Phasing",
   "GS Index by 0x2E00 low bits",
   "GS Index by 0x2E00 high bits",
   "Unused",
   "Unused",
   "Step Block Detect Time",
   "Velocity Demand 0x606B",
   "Torque Demand 0x6074",
   "PWM Sensor - On Time",
   "PWM Sensor - Cycle Time",
   "PWM Sensor - Duty Cycle",
   "PWM Emul - Full Range (PWM cnt)",
   "PWM Emul - Actual Value (PWM cnt)",
   "Pos Err of Additional Controller",
   "STO Diag PWM Not Active",
   "Dynamic Brake Engaged",
   "Motor temperature [C]",
   "CAN IP SubMode0BufNotEmpty",
   "CAN IP SyncOverHs",
   "Trapeze Current Flag",
