{
 "t": 1783929611.9458818,
 "readings": {
  "TS": 100,
  "UM": 5,
  "MF": 0,
  "SR": 181248,
  "GS[0]": 0,
  "GS[1]": 100,
  "GS[2]": 0,
  "KP[1]": 0.07177,
  "KP[2]": 7.895999e-05,
  "KP[3]": 85.2,
  "KI[1]": 812.93896,
  "KI[2]": 10.7,
  "CA[7]": 438,
  "CA[17]": 5,
  "CA[18]": 65536,
  "CA[41]": 30,
  "CA[42]": 0,
  "CA[43]": 0,
  "CA[44]": 0,
  "CL[1]": 21.2132,
  "PL[1]": 70.7107,
  "MC": 140.0,
  "VH[2]": 3932160,
  "VH[3]": 0,
  "VL[3]": 0,
  "ER[2]": 100000000,
  "ER[3]": 1000000000,
  "HL[2]": 0,
  "HL[3]": 0,
  "LL[2]": 0,
  "LL[3]": 0,
  "AC": 1000000,
  "DC": 1000000,
  "SD": 1000000,
  "SP": 4444444,
  "FF[1]": 1.72601e-07,
  "FF[2]": 1.0,
  "VX": 0,
  "PX": 0,
  "BV": 100,
  "WS[28]": 100,
  "WS[55]": 100
 }
}