{
 "t": 1784102606.922895,
 "readings": {
  "TS": 100,
  "UM": 5,
  "MF": 0,
  "GS[2]": 0,
  "CA[18]": 65536,
  "CL[1]": 21.2132,
  "KP[2]": 0.000155,
  "KI[2]": 22.1,
  "KP[3]": 181.0,
  "VH[2]": 3932160,
  "SD": 1000000,
  "HL[2]": 0,
  "LL[2]": 0,
  "ER[2]": 100000000,
  "AC": 1000000,
  "DC": 1000000
 }
}